"公司代號","公司名稱","公司簡稱","產業類別","外國企業註冊地國","住址","營利事業統一編號","董事長","總經理","發言人","發言人職稱","代理發言人","總機電話","成立日期","上市日期","普通股每股面額","實收資本額(元)","已發行普通股數或TDR原發行股數","私募普通股(股)","特別股(股)","編製財務報告類型","普通股盈餘分派或虧損撥補頻率","普通股年度(含第4季或後半年度)現金股息及紅利決議層級","股票過戶機構","過戶電話","過戶地址","簽證會計師事務所","簽證會計師1","簽證會計師2","英文簡稱","英文通訊地址","傳真機號碼","電子郵件信箱","公司網址","投資人關係聯絡人","投資人關係聯絡人職稱","投資人關係聯絡電話","投資人關係聯絡電子郵件","公司網站內利害關係人專區網址"
"2302","麗正國際科技股份有限公司","麗正","半導體業","－","新北市土城區中山路71號","	04982433","林怡岑","林怡岑","林瑞萍","總管理處副總經理","王作慈","02-28801122","1976/01/23","1985/01/15",新台幣                 10.0000元,1663028810,166302881,0,0,合併,每年,股東會,"國票綜合證券(股)公司股務代理部","02-25288988","台北市松山區南京東路五段188號15樓","安侯建業聯合會計師事務所","池世欽","賴麗真","RECTRON","71, Zhongshan Rd., Tucheng Dist.,New Taipei City, Taiwan","02-28816935","annielin@rectron.com.tw","www.rectron.com.tw","林瑞萍","總管理處副總經理","02-28801122","annielin@rectron.com.tw","www.rectron.com.tw"
"2303","聯華電子股份有限公司","聯電","半導體業","－","新竹科學園區新竹市力行二路三號","	47217677","洪嘉聰","簡山傑、王石","劉啟東","資深副總經理暨財務長","林俊宏、翁兆韋","03-5782258","1980/05/22","1985/07/16",新台幣                 10.0000元,125030946600,12503094660,0,0,合併,每年,股東會,"宏遠證券股份有限公司","02-23268818","台北市大安區信義路四段236號3樓","安永聯合會計師事務所","楊雨霓","許新民","UMC","NO.3, LI-SHIN ROAD II, HSINCHU SCIENCE PARKHSINCHU CITY, TAIWAN, R.O.C.","03-5781789","IR@UMC.COM","WWW.UMC.COM","翁兆韋","經理","02-26589168","David_Wong@UMC.com","WWW.UMC.COM"
"2329","華泰電子股份有限公司","華泰","半導體業","－","高雄市楠梓區中三街9號","	89004161","董悅明","涂家榮","洪士民","財務處長","賴貞伶","(07)361-3131","1971/06/12","1994/04/20",新台幣                 10.0000元,8255783330,555308333,0,270270000,合併,每年,董事會,"中國信託商業銀行代理部","(02)6636-5566","台北市重慶南路一段83號5樓","資誠聯合會計師事務所","王國華","江采燕","OSE","9 Central 3rd. St. N.T.I.P.KAOHSIUNG TAIWAN R.O.C","(07)365-2441","csr@ose.com.tw","www.ose.com.tw","朱蜀詠","會計部部經理","07-3613131#68558","csr@ose.com.tw","https://www.ose.com.tw/about/about-ose/contact/#investment"
"2330","台灣積體電路製造股份有限公司","台積電","半導體業","－","新竹科學園區力行六路8號","	22099131","劉德音","總裁: 魏哲家","黃仁昭","副總經理暨財務長","高孟華","03-5636688","1987/02/21","1994/09/05",新台幣                 10.0000元,259320709920,25932070992,0,0,合併,每季,董事會,"中國信託商業銀行 代理部","02-6636-5566","台北市重慶南路一段83號5樓","勤業眾信聯合會計師事務所","吳世宗","林尚志","TSMC","No. 8, Li-Hsin Rd. 6, Hsinchu Science Park,Hsin-Chu 300096, Taiwan, R.O.C.","03-5797337","invest@tsmc.com","https://www.tsmc.com","蘇志凱","處長","03-568-2089","jeff_su@tsmc.com","https://esg.tsmc.com/csr/ch/CSR/stakeholder.html"
"2337","旺宏電子股份有限公司","旺宏","半導體業","－","新竹科學園區新竹巿力行路16號","	22099548","吳敏求","盧志遠","吳敏求","董事長兼執行長","葉沛甫","03-5786688","1989/12/09","1995/03/15",新台幣                 10.0000元,18558264410,1855826441,55651,0,合併,每年,股東會,"旺宏電子(股)公司股務室","02-25638128","台北市中山區松江路162之1號2樓","勤業眾信聯合會計師事務所","葉東煇","洪國田","Macronix","No.16, Li-Hsin Road, Hsinchu Science ParkHsinchu, Taiwan, R.O.C.","02-25638685","ir@mxic.com.tw","http://www.macronix.com","趙元祥","處長","03-5786688","ir@mxic.com.tw","https://www.macronix.com/zh-tw/about/CSR/Pages/stakeholder.aspx"
"2338","台灣光罩股份有限公司","光罩","半導體業","－","新竹市科學園區創新一路十一號","	22099408","陳正翔","陳立惇","楊貽婷","財務長","林良桔","(03)563-4370","1988/10/21","1995/04/17",新台幣                 10.0000元,2564464750,256446475,0,0,合併,每年,董事會,"福邦證券股份有限公司股務代理部","(02)2371-1658","台北市中正區忠孝西路一段六號六樓","資誠聯合會計事務所","鄭雅慧","劉倩瑜","TMC","NO.11 INNOVATION RD.1,SCIENCE-BASE INDUSTRIAL PARK,HSINCHU","(03)578-0752","無","http://www.tmcnet.com.tw","楊貽婷","財務長","(03)563-4370#618","eve_yang@tmcnet.com.tw","http://www.tmcnet.com.tw/Eng/EngIndex-stakeholder.htm"
"2340","台亞半導體股份有限公司","台亞","半導體業","－","新竹科學園區新竹市力行五路1號","	47255947","王虹東","衣冠君","賴文聰","協理","暫缺待補","(03)5638951","1983/12/21","1995/05/02",新台幣                 10.0000元,4386228460,438622846,60000000,0,合併,每年,董事會,"台新證券股務代理部","02-25048125","台北市建國北路一段96號B1","勤業眾信聯合會計師事務所","陳致源","李東峰","TASC","NO.1, Li-hsin Rd.V,Hsinchu Science Park,Hsinchu, Taiwan, R.O.C.","03-5783696","info-corp@tascsemi.com","https://www.tascsemi.com/Default.aspx","賴文聰","協理","03-5638951","info-corp@tascsemi.com","https://www.tascsemi.com/stakeholders.aspx"
"2342","台灣茂矽電子股份有限公司","茂矽","半導體業","－","新竹市科學園區研新一路一號","	22099110","唐亦仙","盧建志","鄧志達","副總經理","鄧志達","(03)578-3344","1987/01/08","1995/09/19",新台幣                 10.0000元,1561567440,156156744,0,0,合併,每半會計年度,董事會,"台新證券股務代理部","(02)2504-8125","台北市建國北路一段96號地下一樓","資誠聯合會計師事務所","鄭雅慧","白淑蒨","MVI","No. 1 Creation Rd. 1, Hsinchu Science Park,Hsinchu, Taiwan, R.O.C.","(03)566-5888","IR@mail.mosel.com.tw","http://www.mosel.com.tw","曾星于","專案經理","03-5783344","IR@mail.mosel.com.tw","http://www.mosel.com.tw/about_csr.asp?left_n=1"
"2344","華邦電子股份有限公司","華邦電","半導體業","－","台中市大雅區中部科學園區科雅一路8號","	22099218","焦佑鈞","陳沛銘","周致中","財務長","范祥雲/戴妍絜","(04)25218168","1987/09/29","1995/10/18",新台幣                 10.0000元,39800001930,3980000193,0,0,合併,每半會計年度,董事會,"華邦電子股份有限公司股務辦事處","(02)27905885","台北市內湖區行善路398號8樓","勤業眾信聯合會計師事務所","洪國田","徐文亞","WEC","No.8, Keya 1st Rd., Daya Dist.,Taichung City, Taiwan, R.O.C","(03)5796119","YCWang16@WINBOND.COM","WWW.WINBOND.COM","鄧紹康","經理","(03)5678168 #76132","IR@winbond.com","WWW.WINBOND.COM"
"2351","順德工業股份有限公司","順德","半導體業","－","彰化市大竹里彰南路二段260號","	58506816","陳朝雄","陳維德","陳朝興","副總經理","黃瑞杰","04-7383991","1967/10/17","1996/04/25",新台幣                 10.0000元,1821402490,182140249,0,0,合併,每年,股東會,"群益金鼎證券股份有限公司","02-27023999","台北市大安區敦化南路二段97號B2","國富浩華聯合會計師事務所","邵朝彬","林明壽","SDI","260,Sec.2,Chang Nan RoadChang Hua,Taiwan, R.O.C","04-7320588","stock@email.sdi.com.tw","www.sdi.com.tw","葉芳伶","投資人關係","04-7383991","Invest@email.sdi.com.tw","www.sdi.com.tw"
"2363","矽統科技股份有限公司","矽統","半導體業","－","新竹市公道五路二段180號","	22099202","洪嘉聰","戎樂天","戎樂天","總經理","彭康楨","(03)5166000","1987/08/26","1997/08/01",新台幣                 10.0000元,7495893560,749589356,0,0,合併,每年,股東會,"宏遠證券股份有限公司","02-23268818","106台北市大安區信義路四段２３６號３樓","安永聯合會計師事務所","胡慎緁","許新民","SiS","No.180,Sec.2,Gongdaowu Rd.,HSIN CHU,TAIWAN,R.O.C.","(03)5711479","support@sis.com","www.sis.com","許哲嘉","經理","(03)5711294","IR@sis.com","www.sis.com"
"2369","菱生精密工業股份有限公司","菱生","半導體業","－","台中市潭子區南二路五之一號","	55625676","葉樹泉","蔡澤松","賴銘為","財務長","蔡汐姿","04-25335120","1973/04/23","1998/04/10",新台幣                 10.0000元,3801023440,380102344,0,0,合併,每年,股東會,"中國信託商業銀行代理部","02-66365566","100台北市重慶南路一段83號5F","勤業眾信聯合會計師事務所","蔣淑菁","蘇定堅","LPI","5-1 Nan 2nd RoadTaichung, Taiwan R.O.C.","04-25327904","lpi@lingsen.com.tw","https://www.lingsen.com.tw","賴銘為","財務長","04-25335120","larrylai@lingsen.com.tw","https://www.lingsen.com.tw"
"2379","瑞昱半導體股份有限公司","瑞昱","半導體業","－","新竹科學園區創新二路2號","	22671299","邱順建","顏光裕","黃依瑋","副總經理","林漢臣","03-5780211","1987/10/21","1998/10/26",新台幣                 10.0000元,5128636410,512863641,0,0,合併,每年,董事會,"中國信託商業銀行代理部","02-66365566","台北市重慶南路一段83號5F","資誠聯合會計師事務所","李典易","鄭雅慧","RT","No.2, Innovation Road Ⅱ, Hsinchu Science Park, Hsinchu 300, TaiwanHSINCHU,TAIWAN","03-5633909","investors@realtek.com","www.realtek.com","陳慧珊","投資人關係經理","03-5780211","investors@realtek.com","www.realtek.com"
"2388","威盛電子股份有限公司","威盛","半導體業","－","新北市新店區中正路535號8樓","	86870786","陳文琦","陳文琦","陳文琦","董事長兼總經理","黎少倫.陳寶惠","8862-22185452","1992/09/21","1999/03/05",新台幣                 10.0000元,4983831910,498383191,0,0,合併,每年,董事會,"中國信託商業銀行代理部","02- 6636-5566","台北市重慶南路一段八十三號五樓","勤業眾信聯合會計師事務所","王攀發","施錦川","VIA","8F., No.535 Chung-Cheng Road, Hsin Tien, Dist.New Taipei City, Taiwan","8862-22185453","service@via.com.tw","http://www.via.com.tw","利瓊書","副理","2218-5452分機867133","ir@via.com.tw","https://www.viatech.com/tw/company-overview-tw/investor-relations/"
"2401","凌陽科技股份有限公司","凌陽","半導體業","－","新竹科學園區創新一路十九號","	23821182","黃洲杰","黃洲杰","莊濟安","處長","郭明怡","03-5786005","1990/08/03","2000/01/27",新台幣                 10.0000元,5919949190,591994919,0,0,合併,每年,股東會,"中信銀股務代理部","02-6636-5566","台北市重慶南路一段八十三號五樓","勤業眾信聯合會計師事務所","葉東煇","張雅芸","SUNPLUS","19,Innovation Road 1,Science-Based Industrial ParkHsin-Chu,Taiwan,R.O.C.","03-5786006","nicole@sunplus.com","www.sunplus.com","莊濟安","處長","03-5786005","ir@sunplus.com","www.sunplus.com"
"2408","南亞科技股份有限公司","南亞科","半導體業","－","新北市泰山區大科里南林路98號","	89390656","吳嘉昭","李培瑛","李培瑛","總經理","吳志祥","(02)29045858","1995/03/04","2000/08/17",新台幣                 10.0000元,30980688940,3098068894,0,0,合併,每年,董事會,"本公司股務組","(02)27189898","台北市內湖區南京東路六段380號10樓","安侯建業聯合會計師事務所","郭欣頤","李慈慧","NTC","NO. 98, NANLIN RD.,TAISHAN, NEW TAIPEI CITY, TAIWAN, R.O.C.","(02)29080327","NTCIR@ntc.com.tw","https://www.nanya.com","竇&#21843;華","投資人關係經理","(02)29045858#1066","NTCIR@ntc.com.tw","https://www.nanya.com/ESG/tw/materiality_analysis"
"2434","統懋半導體股份有限公司","統懋","半導體業","－","台南市新市區中山路76號","	22404266","翁淑貞","唐永渝","嚴永森","副總經理","何坤發","06-5991621","1987/03/09","2000/09/11",新台幣                 10.0000元,370000000,37000000,27489119,0,合併,每年,股東會,"統一綜合證券(股)公司股務代理部","02-27463797","台北市松山區東興路8號B1","安永聯合會計師事務所","李芳文","邱琬茹","MOSPEC","No.76, Zhongshan Rd., Xinshi Dist.,Tainan City 74442, Taiwan (R.O.C.)","06-5991626","mospectn@ms27.hinet.net","http://www.mospec.com.tw/","嚴永森","副總經理","06-5991621#203","yys@mail.mospec.com.tw","http://www.mospec.com.tw/big5/stakeholder.htm"
"2436","偉詮電子股份有限公司","偉詮電","半導體業","－","新竹縣科學工業園區工業東九路24號2樓","	22099499","林錫銘","林登信","郭幸容","財務長","林崇燾","(03)5780241","1989/07/05","2000/09/11",新台幣                 10.0000元,1780099610,178009961,0,0,合併,每年,股東會,"中國信託商業銀行代理部","(02)66365566","台北巿重慶南路一段83號5樓","勤業眾信聯合會計師事務所","林政治","王攀發","Weltrend","2F., No. 24, Industry E. 9th Rd., Hsinchu Science ParkHsinchu 300, Taiwan","(03)5679356","cindy@weltrend.com.tw","www.weltrend.com.tw","郭幸容","財務長","(03)5780241-210","cindy@weltrend.com.tw","www.weltrend.com.tw"
"2441","超豐電子股份有限公司","超豐","半導體業","－","苗栗縣竹南鎮公義路136號","	05126366","謝永達","甯鑑超","陳笙","管理處副總經理","林美玲","037-638568","1983/03/07","2000/10/26",新台幣                 10.0000元,5688459210,568845921,0,0,個別,每年,股東會,"元大證券股份有限公司股務代理部","02-25865859","台北市承德路三段210號地下一樓","勤業眾信聯合會計師事務所","林政治","方蘇立","GTK","136,GONG-YI RD.ZHUNAN TOWNSHIP, MIAOLI COUNTY,TAIWAN","037-628323","sheng@greatek.com.tw","www.greatek.com.tw","陳笙","副總經理","037-638568","sheng@greatek.com.tw","www.greatek.com.tw"
"2449","京元電子股份有限公司","京元電子","半導體業","－","新竹市公道五路二段81號","	22507241","李金恭","張高薰","趙敬堯","副總經理暨財務長","張垂欽","(03)575-1888","1987/05/28","2001/05/09",新台幣                 10.0000元,12227450650,1222745065,0,0,合併,每年,股東會,"宏遠證券股份有限公司","(02)7719-8899","台北市信義路四段236號3樓","安永聯合會計師事務所","郭紹彬","許新民","KYEC","No. 81 , Sec.2 , Gongdaowu Rd.,Hsin-Chu 300,Taiwan,R.O.C","(03)575-3899","invest@kyec.com.tw","www.kyec.com.tw","張垂欽","處長","(03)5751888ext.28200","aaronchang@kyec.com.tw","http://www.kyec.com.tw/csr/csr_stakeholder.aspx"
"2451","創見資訊股份有限公司","創見","半導體業","－","台北市內湖區行忠路70號","	23446187","束崇萬","束崇萬","陳柏壽","業務處副總經理","楊丹婷","02-27928000","1989/08/30","2001/05/03",新台幣                 10.0000元,4290616750,429061675,0,0,合併,每年,董事會,"中國信託商業銀行","02-6636-5566","台北市重慶南路一段83號5樓","資誠聯合會計師事務所","陳晉昌","林一帆","Transcend","No. 70, XingZhong Rd., NeiHu Dist.Taipei, Taiwan, R.O.C.","02-27923375","IR@transcend-info.com","http://www.transcend-info.com","陳柏壽","業務處副總經理","02-27928000*7533","ir@transcend-info.com","http://tw.transcend-info.com/about/stakeholders"
"2454","聯發科技股份有限公司","聯發科","半導體業","－","新竹科學工業園區新竹市篤行一路1號","	84149961","蔡明介","陳冠州","顧大為","財務長","王巧潔","(03)5670766","1997/05/28","2001/07/23",新台幣                 10.0000元,15996475170,1599647517,0,0,合併,每半會計年度,董事會,"中國信託商業銀行股務代理部","02-6636-5566","100台北市重慶南路一段83號5樓","安永聯合會計師事務所","郭紹彬","傅文芳","MTK","No. 1, Dusing Rd. 1, HsinChu Science Park,HsinChu , Taiwan 300, R.O.C","(03)5670511","ir@mediatek.com","http://www.mediatek.com","王巧潔","經理","03-5670766","ir@mediatek.com","http://www.mediatek.com/zh-TW/about/citizenship/stakeholder-engagement/"
"2458","義隆電子股份有限公司","義隆","半導體業","－","新竹科學園區新竹縣創新一路十二號","	84149224","葉儀皓","葉儀皓","劉代銘","處長","白又潔","03-5639977","1994/05/05","2001/09/17",新台幣                 10.0000元,3038803920,303880392,0,0,合併,每半會計年度,董事會,"元富證券股份有限公司","02-27686668","台北市松山區光復北路11巷35號地下1樓","安侯建業聯合會計師事務所","周寶蓮","曾渼鈺","ELAN","NO.12, INNOVATION RD.1, SCIENCE-BASED INDUSTRIAL PARKHSINCHU, TAIWAN, R.O.C.","03-5781623","addldm@emc.com.tw","http://www.emc.com.tw/","江巧伶","專案副理","(03)5639977","emily@emc.com.tw","http://www.emc.com.tw/twn/Social_Responsibility06.asp"
"2481","強茂股份有限公司","強茂","半導體業","－","高雄市岡山區岡山北路24號","	22145016","方敏清","方敏清","沈盈秀","財務長","謝百成","07-6213121","1986/05/20","2001/09/17",新台幣                 10.0000元,3821149270,382114927,0,0,合併,每年,董事會,"元大證券股份有限公司","02-25865859","台北市承德路3段210號地下1樓","安永聯合會計師事務所","陳政初","傅文芳","PANJIT","No.24, Gangshan N. Rd., Gangshan Dist.,Kaohsiung City 820, Taiwan (R.O.C.)","07-6213129","investor@panjit.com.tw","www.panjit.com.tw","沈盈秀","財務長","(07)961-1105","investor@panjit.com.tw","https://www.panjit.com.tw/tw/CSR/stakeholder"
"3006","晶豪科技股份有限公司","晶豪科","半導體業","－","新竹科學園區新竹市工業東四路23號","	16130280","陳興海","張明鑒","吳鴻基","特別助理","張幸珠","03-5781-970","1998/06/02","2002/03/04",新台幣                 10.0000元,2861710700,286171070,0,0,合併,每年,股東會,"群益金鼎證券股份有限公司","02-2702-3999","台北市敦化南路二段97號地下二樓","資誠聯合會計師事務所","白淑蒨","鄭雅慧","ESMT","NO 23,Industry  E. RD. IV ,Science-Based Industrial Park,Hsinchu, Taiwan, R.O.C.","03-5781971","spokesman@esmt.com.tw","www.esmt.com.tw","吳鴻基","特別助理","03-5781-970","spokesman@esmt.com.tw","http://www.esmt.com.tw/taiwan/main_stakeholder.htm"
"3014","聯陽半導體股份有限公司","聯陽","半導體業","－","新竹縣新竹科學園區創新一路13號3樓","	84149717","胡鈞陽","林弘堯","林秀哲","專案處長","劉燦煌","(03)5798658","1996/05/29","2002/10/29",新台幣                 10.0000元,1610801240,161080124,0,0,合併,每年,董事會,"宏遠證券股份有限公司","(02)23268818","台北市信義路四段236號","安永聯合會計師事務所","胡慎緁","許新民","ITE","NO. 13,  Chuangsin  1st  Rd,Science Park,  Hsinchu 30076,  Taiwan,  ROCHsin-chu , Taiwan 30076 , R.O.C.","(03)5794534","itesupport@ite.com.tw","www.ite.com.tw","林秀哲","專案處長","02-29126889#2388","sj.lin@ite.com.tw","http://www.ite.com.tw/zh-tw/csr/stockholder"
"3016","嘉晶電子股份有限公司","嘉晶","半導體業","－","新竹市科學工業園區篤行一路10號","	16130388","徐建華","孫慶宗","范桂榮","發言人","林婷苑","03-5632255","1998/11/09","2002/12/24",新台幣                 10.0000元,2885393690,288539369,0,0,合併,每年,董事會,"永豐金證券股份有限公司","02-23816288","台北市中正區博愛路17號3樓","資誠聯合會計師事務所","謝智政","江采燕","EPi","No.10 Dusing Road I,Science Park ,Hsin Chu City,TaiwanHsin-Chu City, Taiwan, R.O.C","03-5632148","epi@epi.episil.com","www.epi.episil.com","范桂榮","發言人","03-5632255","famy.fan@epi.episil.com","http://www.epi.episil.com/stakeholders/contact-us"
"3034","聯詠科技股份有限公司","聯詠","半導體業","－","新竹科學園區創新一路13號2樓","	84149955","何泰舜","王守仁","陳健興","副總經理","周勝成","(03)567-0889","1997/05/28","2002/08/26",新台幣                 10.0000元,6085114690,608511469,0,0,合併,每年,股東會,"宏遠證券股份有限公司股務代理部","(02)23268818","台北市信義路四段236號3樓","安永會計師事務所","陳智忠","邱琬茹","NOVATEK　","2F, NO. 13, INNOVATION ROAD I, SCIENCE-BASED INDUSTRIAL PARKHSIN-CHU TAIWAN, ROC","(03)565-6118","ir@novatek.com.tw","www.novatek.com.tw","陳健興","副總經理","03-5670889","ir@novatek.com.tw","https://www.novatek.com.tw/zh-TW/Html/stakeholder"
"3035","智原科技股份有限公司","智原","半導體業","－","新竹科學園區新竹市力行三路5號","	84149060","洪嘉聰","王國雍","曾雯如","財務長","盧昭儀","03-5787888","1993/06/10","2002/08/26",新台幣                 10.0000元,2485503130,248550313,0,0,合併,每年,董事會,"宏遠證券股份有限公司","(02)2700-8899","台北市大安區信義路4段236號3樓","安永聯合會計師事務所","胡慎緁","楊雨霓","Faraday　","No.5,Li-Hsin III Road,Science-Based Industrial Park,　　Hsin-chu City,Taiwan 30078,R.O.C.　　","03-5778605","ir@faraday-tech.com","www.faraday-tech.com","盧昭儀","經理","03-5787888","ir@faraday-tech.com","https://www.faraday-tech.com/tw/content/CSR/StakeholderEngagement"
"3041","揚智科技股份有限公司","揚智","半導體業","－","台北市內湖區內湖路一段246號5樓","	84149054","梁厚誼","程心璿","程心璿","總經理","游俊菖","8752-2000","1993/06/10","2002/08/26",新台幣                 10.0000元,1939617460,193961746,0,0,合併,每季,董事會,"中國信託商業銀行代理部","(02)6636-5566","台北市重慶南路一段83號5樓","資誠聯合會計師事務所","徐潔如","徐聖忠","ALi","5F,No. 246 NeiHu Road, Sec. 1Taipei city 114, Taiwan, R.O.C","8751-1006","general@alitech.com","www.alitech.com","王志峰","財務處經理","(02)8752-2000","ir@alitech.com","http://www.alitech.com/leavemsg.html?lang=tw"
"3094","聯傑國際股份有限公司","聯傑","半導體業","－","新竹科學園區力行六路6號","	84149759","郝挺","陳念台","楊春俊","財務長","邱貴鳳","03-5798797","1996/08/16","2007/08/06",新台幣                 10.0000元,831170890,83117089,0,0,合併,每年,股東會,"富邦綜合證券股份有限公司","02-2361-1300","台北市許昌街17號2樓","資誠聯合會計師事務所","林佳鴻","蕭春鴛","DAVICOM　　","NO.6 Li-Hsin Rd. VI, Science-  ParkHsin-Chu, Taiwan, R.O.C.","03-6232797","investor@davicom.com.tw","http://www.davicom.com.tw","楊春俊","財務長","03-5798797 #8598","james_yang@davicom.com.tw","http://tw.davicom.com.tw/page1.aspx?no=280160"
"3189","景碩科技股份有限公司","景碩","半導體業","－","桃園市新屋區中華路1245號","	70785139","廖賜政","陳河旭","穆顯爵","資深專案處長","劉素真","(03)4871919","2000/09/11","2004/11/01",新台幣                 10.0000元,4544745600,454474560,0,0,合併,每年,董事會,"凱基證券股份有限公司","(02)23892999","台北市重慶南路一段2號5樓","安永聯合會計師事務所","張志銘","陳國帥","KINSUS","No.1245, Junghua Rd., Shin-Wu  Dist.,Taoyuan,Taiwan, R.O.C.　　","(03)4871920","jackmu@kinsus.com.tw","www.kinsus.com.tw","穆顯爵","資深專案處長","(03)4871919#26660","jackmu@kinsus.com.tw","www.kinsus.com.tw"
"3257","虹冠電子工業股份有限公司","虹冠電","半導體業","－","新竹科學工業園區新竹市東區園區二路11號5樓","	16130417","方敏宗","林保偉","林保偉","總經理","林鴻振","03-5679979","1998/12/30","2011/03/21",新台幣                 10.0000元,799865900,79986590,0,0,合併,每年,董事會,"福邦證券股份有限公司股務代理部","(02)2371-1658","台北市中正區忠孝西路一段6號6樓","安永聯合會計師事務所","陳政初","傅文芳","CHAMPION","5F, NO.11, Park Ave. 2, Hsinchu Science-Based Industrial Park,HsinChu, Taiwan, 30075","03-5670701","invest@championmicro.com.tw","http://www.championmicro.com.tw","林保偉","總經理","02-26963558","bauwei_lin@championmicro.com.tw.com.tw","https://www.championmicro.com.tw/investors/18"
"3413","京鼎精密科技股份有限公司","京鼎","半導體業","－","(35053)新竹科學園區苗栗縣竹南鎮科中路16號","	12858252","劉揚偉","邱耀銓","李貞誼","副總經理","鄒永芳","037-580088","2001/04/26","2015/07/28",新台幣                 10.0000元,971595460,97159546,8117258,0,合併,每年,董事會,"福邦證券股份有限公司","(02)2371-1658","台北市中正區忠孝西路一段６號６樓","資誠聯合會計師事務所","徐聖忠","馮敏娟","Fiti","No16,Ke-Jung RD.,Science-Based Industrial ParkChu-Nan,Miao-Li Hsien,Taiwan 350,ROC","037-582690","fitistock@foxsemicon.com","http://www.foxsemicon.com.tw/","李貞誼","發言人","037-580088","fitistock@foxsemicon.com","http://www.foxsemicon.com.tw/"
"3443","創意電子股份有限公司","創意","半導體業","－","新竹科學工業園區新竹市力行六路十號","	16299879","曾繁城","戴尚義","錢培倫","資深副總經理暨財務長","林新洲","03-5646600","1998/01/22","2006/11/03",新台幣                 10.0000元,1340119110,134011911,0,0,合併,每年,股東會,"中國信託商業銀行代理部","02-66365566","台北市100重慶南路一段八十三號5樓","勤業眾信聯合會計師事務所","陳明煇","方蘇立","GUC","No.10, Li-Hsin 6th Rd., Hsinchu Science ParkHsinchu City 300, Taiwan","03-6669809","irinfo@guc-asic.com","www.guc-asic.com","林新洲","副處長","03-5646600","asialin@guc-asic.com","http://www.guc-asic.com/10-0.php"
"3450","聯鈞光電股份有限公司","聯鈞","半導體業","－","新北市中和區橋安街35號10樓","	12624467","鄭祝良","宋天增","梁聰明","副總經理","陳雅蘭","(02)8245-6186","2000/09/27","2006/04/12",新台幣                 10.0000元,1456813820,145681382,0,0,合併,每年,股東會,"富邦綜合證券(股)公司股務代理部","(02)2361-1300","台北市許昌街17號2樓","勤業眾信聯合會計師事務所","張耿禧","謝建新","ELASER","10F, 35 Chiau An StreetChung Ho Dist.,New Taipei City,Taiwan.","(02)8245-3100","elaser@elaser.com.tw","http://www.elaser.com.tw","梁聰明","副總經理","(02)82456186","elaser@elaser.com.tw","http://www.elaser.com.tw"
"3530","晶相光電股份有限公司","晶相光","半導體業","－","新竹市科學工業園區力行一路10-2號4樓","	27298412","何新平","何新平","簡宏亨","處長","黃淑華","03-5678986","2004/05/24","2018/07/16",新台幣                 10.0000元,784559000,78455900,0,0,合併,每年,股東會,"群益金鼎證券(股)公司股務代理部","(02)2702-3999","106台北市大安區敦化南路二段97號地下二樓","勤業眾信聯合會計師事務所","陳明煇","葉東煇","SOI","4F, No.10-2, Li-Hsin 1st Rd., Hsinchu Science-Based ParkHsin-Chu, Taiwan, R.O.C.","03-5678982","ir@soinc.com.tw","www.soinc.com.tw","黃淑華","副總經理暨財務長","03-5678986","ir@soinc.com.tw","www.soinc.com.tw"
"3532","台塑勝高科技股份有限公司","台勝科","半導體業","－","台北市敦化北路201號7樓388室","	89406518","林健男","田中&#24693;一","邱紹勛","協理","余秉岳","02-27122211","1995/11/21","2007/12/10",新台幣                 10.0000元,3878483000,387848300,0,0,合併,每年,董事會,"本公司股務室","02-27189898","台北市內湖區南京東路六段380號10樓","勤業眾信會計師事務所","楊靜婷","莊文源","FST","Rm388,7F,201,Tung Hwa N.Rd.Taipei,Taiwan","02-27178567","comment@fstech.com.tw","www.fstech.com.tw","蕭穎鴻","高專","0227122211ext.6111","fstir@fstech.com.tw","www.fstech.com.tw/interestedparty/index.html"
"3545","敦泰電子股份有限公司","敦泰","半導體業","－","新竹縣竹北市環科一路23號11樓之1","	28069900","胡正大","胡正大","張維杰","財務長","職缺待補","03-6561660","2006/01/03","2007/07/03",新台幣                 10.0000元,2159300490,215930049,0,0,合併,每年,股東會,"中國信託商業銀行代理部","02-6636-5566","台北市100中正區重慶南路一段八十三號五樓","勤業眾信聯合會計師事務所","郭宇閎","邵志明","FocalTech","11-1F., No. 23, Huanke 1st Rd., Zhubei CityHsin-Chu County 302, Taiwan","03-6661696","ir@focaltech-electronics.com","http://www.focaltech-electronics.com","張維杰","財務長","03-6561660","ir@focaltech-electronics.com","http://www.focaltech-electronics.com"
"3583","辛耘企業股份有限公司","辛耘","半導體業","－","台北市內湖區瑞光路208號11樓","	30901647","謝宏亮","許明棋","陳弘育","董事長特助","沈淑&#30494;","02-8751-2323","1979/10/17","2013/03/12",新台幣                 10.0000元,803280000,80328000,0,0,合併,每年,董事會,"中國信託商業銀行代理部","02-6636-5566","10008 台北市中正區重慶南路一段83號5樓","勤業眾信聯合會計師事務所","卓明信會計師","黃惠敏會計師","Scientech","11F , No.208 , Rueiguang Road , Neihu DistrictTaipei  11491 , Taiwan","02-8751-2020","investor@scientech.com.tw","www.scientech.com.tw","陳弘育","董事長特助","0287512323 Ext.1104","investor@scientech.com.tw","www.scientech.com.tw/zh-hant/pages/%E6%8A%95%E8%B3%87%E4%BA%BA%E5%8F%8A%E5%88%A9%E5%AE%B3%E9"
"3588","通嘉科技股份有限公司","通嘉","半導體業","－","新竹縣竹北市台元二街1號4F-1","	80254357","高育坤","祁亨忠","黃雅卿","財會資深處長","李嘉芬","03-5543588","2002/09/18","2009/08/14",新台幣                 10.0000元,589178430,58917843,0,0,合併,每年,董事會,"群益金鼎證券(股)公司股務代理部","02-2702-3999","台北市敦化南路二段97號地下二樓","勤業眾信會計師事務所","黃裕峰","蔡美貞","LD","4F-1,No.1, Taiyuan 2nd St.Zhubei City,Hsinchu County 30288, Taiwan","03-5540098","ir@leadtrend.com.tw","http://www.leadtrend.com.tw","黃雅卿","財會資深處長","03-5543588","ir@leadtrend.com.tw","www.leadtrend.com.tw"
"3592","瑞鼎科技股份有限公司","瑞鼎","半導體業","－","(30078)新竹科學園區新竹市力行路23號2樓","	80532726","黃裕國","林文聰","林佩怡","協理","黃耀裕","03-6661818","2003/10/23","2022/01/07",新台幣                 10.0000元,758552260,75855226,0,0,合併,每年,董事會,"台新證券股務代理部","02-25048125","台北市建國北路一段96號地下一樓","安侯建業聯合會計師事務所","呂倩慧","鄭安志","Raydium","2F,No.23,Li-Hsin Rd.,Hsinchu Science ParkHsinchu ,Taiwan ,R.O.C","03-6661919","Raydium@rad-ic.com","www.rad-ic.com","林虹妤","經理","03-6661818#2801","raydium@rad-ic.com","https://www.rad-ic.com/zh-TW/csr/stakeholder"
"3661","世芯電子股份有限公司","世芯-KY","半導體業","KY","114 台北市內湖區文湖街12號9樓","	31659649","關建英","沈翔霖","王德善","財務長","沈翔霖","02-27992318","2003/02/27","2014/10/28",新台幣                 10.0000元,741383280,74138328,1380000,0,合併,每年,股東會,"中國信託商業銀行代理部","02-66365566","台北市中正區重慶南路1段83號5樓","勤業眾信聯合會計師事務所","王儀雯","張麗君","Alchip","9F., No.12, Wenhu St., Neihu Dist.,Taipei City, Taiwan 114","02-27997389","IR@alchip.com","www.alchip.com","王德善","財務長","02-26599357","IR@alchip.com","www.alchip.com"
"3686","達能科技股份有限公司","達能","半導體業","－","新竹市東區慈雲路118號19樓之8","	28823511","方震銘","方震銘","王振益","副處長","湯豐帆","(03)6686361","2007/11/09","2010/07/20",新台幣                 10.0000元,764951180,76495118,0,0,合併,每年,股東會,"中國信託商業銀行代理部","(02)6636-5566","台北市中正區重慶南路一段83號5樓","資誠聯合會計師事務所","李秀玲","黃金連","Danen","19F.-8, No. 118, Ciyun Rd., East Dist.Hsinchu City, Taiwan","(03)6686251","pr@danentech.com","http://www.danentech.com","王振益","副處長","(03)6686361","zywang@danentech.com","http://www.danentech.com/investor_cir.aspx"
"3711","日月光投資控股股份有限公司","日月光投控","半導體業","－","高雄市楠梓區經三路26號","	29187308","張虔生","張洪本","吳田玉","集團營運長","董宏思","07-3617131","2018/04/30","2018/04/30",新台幣                 10.0000元,43801991870,4380199187,0,0,合併,每年,董事會,"統一綜合證券(股)公司","02-27478266","台北市松山區東興路8號地下一樓","勤業眾信聯合會計師事務所","許凱甯","吳世宗","ASEH","26, Chin 3rd Rd., Nanzih Dist.Kaohsiung, 811, Taiwan.","07-3613094","ir@aseglobal.com","www.aseglobal.com","項世傑","投資人關係長","02-66365678","ir@aseglobal.com","http://www.aseglobal.com/ch/csr/stakeholder_engagement"
"4919","新唐科技股份有限公司","新唐","半導體業","－","新竹科學園區研新三路4號","	28112646","蘇源茂","楊欣龍","賴秀芬","副總經理","詹為雄","(03)5770066","2008/04/09","2010/09/27",新台幣                 10.0000元,4197652680,419765268,0,0,合併,每年,董事會,"中國信託商業銀行(股)公司代理部","(02)6636-5566","台北市重慶南路一段83號5樓","勤業眾信會計師事務所","洪國田","劉書琳","NTC","No. 4 , Creation Rd. Ⅲ,Hsinchu Science Park, Taiwan, R.O.C.","(03)5792717","InvestorRelation@nuvoton.com","www.nuvoton.com","詹為雄","副處長","(03)5770066ext.22007","WHCHAN@nuvoton.com","www.nuvoton.com"
"4952","凌通科技股份有限公司","凌通","半導體業","－","新竹市科學園區工業東四路19號","	80741441","黃洲杰","賈懿行","劉淑勤","行政管理中心資深處長","王有為","03-6662118","2004/03/30","2011/11/01",新台幣                 10.0000元,1088158160,108815816,0,0,合併,每年,股東會,"中國信託商業銀行代理部","02-66365566","台北巿重慶南路一段83號5樓","勤業眾信聯合會計師事務所","葉東煇","張雅芸","Generalplus","No. 19, Industry E. Rd. IV, Hsinchu Science ParkHsinchu City 30077, Taiwan, R.O.C.","03-6662117","ir@generalplus.com","http://www.generalplus.com","謝佳樺","投資人關係專員","03-6662118 ext. 1201","yosicahsieh@generalplus.com","http://www.generalplus.com/stakeholder_appl.php"
"4961","天鈺科技股份有限公司","天鈺","半導體業","－","(30078)新竹科學園區新竹市篤行路6-8號3樓","	84149499","林永杰","邱淑慧","陳志豪","處長","湯皓雲","03-5788618","1995/07/04","2018/10/17",新台幣                 10.0000元,1212544530,121254453,0,0,合併,每年,股東會,"元大證券(股)公司股務代理部","02-25865859","台北市10366承德路三段210號地下一樓","安侯建業聯合會計師事務所","蕭佩如","李&#16689;儀","FITIPOWER","3F, No.6-8, Duxing Rd., Hsinchu Science ParkHsinchu City, Taiwan, R.O.C.","03-5788836","ir@fitipower.com","http://www.fitipower.com","陳志豪","處長","035788618","ir@fitipower.com","https://www.fitipower.com/stakeholder/communication"
"4967","十銓科技股份有限公司","十銓","半導體業","－","(235)新北巿中和區建一路166號3樓","	97418375","夏澹寧","陳慶文","吳健瑋","董事長特別助理","秦涵然","(02)82265000","1997/04/09","2019/01/14",新台幣                 10.0000元,715486870,71548687,0,0,合併,每年,董事會,"群益金鼎證券股份有限公司","(02)2702-3999","(106)台北市大安區敦化南路二段97號地下二樓","資誠聯合會計師事務所","葉翠苗","黃世鈞","TEAM","3F, NO.166, JIAN YI RD.,CHUNG HO CITY, TAIPEI, TAIWAN, R.O.C.","(02)82265808","rita.chan@teamgroup.com.tw","WWW.TEAMGROUPINC.COM","林佩蓉","全球媒體部經理","(02)82265000#295","ethnie.lin@teamgroup.com.tw","www.teamgroupinc.com/tw/about/profile.php"
"4968","立積電子股份有限公司","立積","半導體業","－","台北市114內湖區堤頂大道二段407巷20弄1號3樓","	80661880","馬代駿","王是琦","鄧維康","資深副總","彭英展","(02)8751-1358","2004/01/07","2015/11/13",新台幣                 10.0000元,902831880,90283188,0,0,合併,每年,股東會,"台新證券股務代理部","(02)2504-8125","台北市建國北路一段96號地下一樓","勤業眾信聯合會計師事務所","曾建銘","方蘇立","Richwave","3F.No.1, Alley 20. Lane 407. Sec 2, Tiding Blvd,Taipei 114,Taiwan. R. O. C.","(02)6600-6887","ir@richwave.com.tw","https://www.richwave.com.tw","鄧維康","資深副總","(02)8751-1358","ir@richwave.com.tw","https://www.richwave.com.tw/zh/page.aspx?Id=21"
"5222","全訊科技股份有限公司","全訊","半導體業","－","74145南部科學園區台南市新市區大順七路90號","	16130296","張全生","張全生、吳昌崙、張景學","盧豐智","副總經理","郭嘉哲","06-5051601","1998/06/17","2021/10/25",新台幣                 10.0000元,745636600,74563660,0,0,個別,每年,董事會,"元富證券股份有限公司","02-27686668","台北市松山區光復北路11巷35號地下一樓","資誠聯合會計師事務所","葉芳婷","徐惠榆","TRANSCOM","NO. 90, DASHUN 7th RD., XINSHI Dist., TAINAN SCIENCE PARK,TAINAN City, TAIWAN, R.O.C.","06-5051602","sales@transcominc.com.tw","http://www.transcominc.com.tw/Chinese/index.php","郭嘉哲","財務會計協理","06-5051601","charles.kuo@transcominc.com.tw","http://www.transcominc.com.tw/Chinese/investorRelations.php"
"5269","祥碩科技股份有限公司","祥碩","半導體業","－","新北市新店區民權路115號6樓","	80688184","徐世昌","林哲偉","林哲偉","總經理","陳錫凱","(02)22196088","2004/03/24","2012/12/12",新台幣                 10.0000元,693635180,69363518,0,0,個別,每年,董事會,"凱基證券股份有限公司股務代理部","(02)23892999","台北市重慶南路一段2號5樓","資誠聯合會計師事務所","游淑芬","張淑瓊","Asmedia","6F., No.115, Minquan Rd., Xindian Dist.New Taipei City 231, Taiwan (R.O.C.)","(02)22196080","asmedia_investor@asmedia.com.tw","https://www.asmedia.com.tw/zh-Hant","張姵萱","投資人關係","(02)22196088","asmedia_investor@asmedia.com.tw","https://www.asmedia.com.tw/zh-Hant/investors-page/071yQ84xz2Tg7npd"
"5285","界霖科技股份有限公司","界霖","半導體業","－","高雄市楠梓區中央路58號","	12636560","蔡上元","蔡上民","吳念誼","協理","張嘉珍","(07)3658828","2000/10/18","2014/02/25",新台幣                 10.0000元,1020409260,102040926,0,0,合併,每年,董事會,"宏遠證券股份有限公司","(02)2326-8818","台北市信義路四段236號3樓","安永聯合會計師事務所","陳政初","洪國森","Jih Lin","NO.58,JHONG YANG RD.,NANZIH DISTKAOHSIUNG CITY,TAIWAN","(07)3657808","Service@jihlin.com.tw","http://www.jihlin.com.tw","吳念誼","協理","(07)3658828#8101","edwardwu@jihlin.com.tw","http://www.jihlin.com.tw/contacts.php?page=2"
"5471","松翰科技股份有限公司","松翰","半導體業","－","新竹縣竹北市台元街36號10樓之1","	97063584","鮑世嘉","柯福順","潘銘鍠","業務總監","黃淑敏","03-5600888","1996/07/13","2003/08/25",新台幣                 10.0000元,1678770620,167877062,0,0,合併,每年,股東會,"元大證券股份有限公司股務代理部","02-25865859","台北市承德路3段210號地下一樓","勤業眾信聯合會計師事務所","黃堯麟","周仕杰","SONIX　　","10F-1,No.36,Taiyuan Street　　Chupei City,Hsinchu,Taiwan R.O.C　　","03-5600886","tse@sonix.com.tw","www.sonix.com.tw","黃淑敏","投資人關係經理","02-27591980","shumin_huang@sonix.com.tw","http://www.sonix.com.tw/article-tw-1121-7628"
"6202","盛群半導體股份有限公司","盛群","半導體業","－","新竹市科學工業園區研新二路三號","	16130330","吳啟勇","高國棟","蔡榮宗","業務行銷中心副總經理","廖明通","(03)5631999","1998/10/01","2004/09/27",新台幣                 10.0000元,2261682000,226168200,0,0,合併,每年,股東會,"永豐金證券(股)公司股務代理部","(02)23816288","台北市博愛路17號3樓","安侯建業聯合會計師事務所","呂倩慧","鄭安志","HOLTEK　","NO.3, CREATION  RD. II, HSINCHU SCIENCE  PARKHSINCHU,  TAIWAN","(03)5631175","ir@holtek.com.tw","www.holtek.com.tw","王珊瑜","高級管理師","(03)5631999ext1619","ir@holtek.com.tw","http://www.holtek.com.tw/zh_tw/stakeholdersconcerns"
"6239","力成科技股份有限公司","力成","半導體業","－","新竹縣湖口鄉新竹工業區大同路10號","	16082267","蔡篤恭","呂肇祥","曾炫章","財務長暨資深副總經理","林宥翰","03-5980300","1997/05/15","2004/11/08",新台幣                 10.0000元,7591466340,759146634,0,0,合併,每年,股東會,"康和綜合證券股份有限公司","02-87871888","台北市信義區基隆路一段176號B1","勤業眾信聯合會計師事務所","林政治","方蘇立","PTI","No. 10, Datong Rd., Hsinchu Industrial Park,HuKou Shiang, Hsinchu, Taiwan, R.O.C.","03-5979900","evant@pti.com.tw","https://www.pti.com.tw/","曾炫章","財務長暨資深副總經理","03-5980300","invest@pti.com.tw","https://www.pti.com.tw/"
"6243","迅杰科技股份有限公司","迅杰","半導體業","－","新竹科學工業園區新竹市力行路21號4樓","	16505809","鍾文凱","黃年宏（補選中詳8/14重訊)","詹筱秦","處長","羅述武","03-6662888","1998/05/20","2009/12/17",新台幣                 10.0000元,453048410,45304841,8000000,0,合併,每年,股東會,"元大證券股務代理部","02-25865859","10365  台北市大同區承德路三段210號B1","資誠聯合會計師事務所","陳晉昌","黃珮娟","ENE","4F, No.21, Lixing Rd., Hsinchu Science Park.Hsin-Chu , Taiwan, R.O.C.","03-6662999","investor@ene.com.tw","www.ene.com.tw","詹筱秦","處長","03-6662888#3217","sharon@ene.com.tw","http://www.ene.com.tw/chinese/csr/detail.php?pid=5"
"6257","矽格股份有限公司","矽格","半導體業","－","新竹縣竹東鎮北興路1段436號","	23218022","黃興陽","葉燦鍊","陳祺昌","主計長","吳敏弘","03-5959213","1988/12/15","2003/08/25",新台幣                 10.0000元,4567410200,456741020,0,0,合併,每年,董事會,"凱基證券(股)公司股務代理部","02-23892999","台北市重慶南路一段2號5樓","資誠聯合會計師事務所","謝智政","江采燕","SIGURD　　","NO.436,  SEC.  1,  PEI-SHING RD., 　CHU-TUNG, HSIN-CHU, TAIWAN, R.O.C.　　","03-5944495","services@sigurd.com.tw","www.sigurd.com.tw","林汶","人事行政處資深處長","03-5959213分機1514","services@sigurd.com.tw","www.sigurd.com.tw"
"6271","同欣電子工業股份有限公司","同欣電","半導體業","－","台北市延平南路83號6樓","	04226986","陳泰銘","張嘉帥","張嘉帥","總經理","陳志遠","02-23890432","1974/08/11","2007/11/16",新台幣                 10.0000元,2090580240,209058024,0,0,合併,每半會計年度,董事會,"凱基證券股份有限公司","02-23892999","台北市100重慶南路一段2號5樓","安侯建業聯合會計師事務所","簡思娟","王怡文","THEIL","6TH FLOOR, NO.83, YANPING SOUTH ROADTAIPEI-TAIWAN","02-23881001","info@theil.com","www.theil.com","沈柏慶","投資人關係","02-26790122*1044","paking.shen@theil.com","www.theil.com"
"6415","矽力杰股份有限公司","矽力*-KY","半導體業","KY","新北市中和區板南路653號10樓","	02906023","陳偉","游步東及Michael Grimm","梁翠嫚","經理","周婕","02-22215266","2008/02/07","2013/12/12",新台幣                  2.5000元,959320400,383728160,0,0,合併,每年,董事會,"元大證券股份有限公司","02-2586-5859","台北市大同區承德路三段210號B1","勤業眾信聯合會計師事務所","簡明彥","陳俊宏","Silergy","10F., No. 653, Bannan Rd.,Zhonghe Dist., New Taipei City 235, ROC","02-22215778","IR@silergycorp.com","http://www.silergy.com","梁翠嫚","經理","02-22215266","IR@silergycorp.com","http://www.silergy.com"
"6451","訊芯科技控股股份有限公司","訊芯-KY","半導體業","KY","台北市信義區光復南路495號11樓之5","	38649225","蔣尚義","徐文一","鄭永春","協理","羅志華","02-22688368","2008/01/08","2015/01/26",新台幣                 10.0000元,1074648000,107464800,0,0,合併,每年,董事會,"福邦證券股份有限公司股務代理部","(02)2383-6888","台北市忠孝西路一段6號6樓","安侯建業聯合會計師事務所","趙敏如","黃柏淑","ShunSin","11F.-5, No.495, Guangfu S. Rd., Xinyi Dist.Taipei City 110, Taiwan (R.O.C.)","867602338211","sst@shunsintech.com","http://www.shunsintech.com/","鄭永春","協理","02-22688368","sst@shunsintech.com","http://www.shunsintech.com/tw/StakeHolder.html"
"6515","穎崴科技股份有限公司","穎崴","半導體業","－","高雄市楠梓區創意南路68號","	13145774","王嘉煌","王嘉煌","陳紹焜","資深副總經理","李振昆","07-3610999","2001/04/10","2021/01/20",新台幣                 10.0000元,347840000,34784000,0,0,合併,每年,董事會,"元大證券股份有限公司股務代理部","02-2586-5859","台北市承德路三段210號B1","安侯建業聯合會計師事務所","許振隆","曾國禓","WinWay","No. 68, Chuangyi S. Rd.Kaohsiung City 81156, Taiwan (R.O.C.)","07-3610099","0","https://www.winwayglobal.com/","余茂","專案經理","07-3610999","mao.yu@winwayglobal.com","https://www.winwayglobal.com/tw/investors"
"6525","捷敏股份有限公司","捷敏-KY","半導體業","KY","新北市中和區橋安街35號10樓","	49791260","鄭祝良","湯彥鏘","王瑞萍","財務部資深經理","吳俊璟","02-2248-0680","1998/04/17","2016/04/12",新台幣                 10.0000元,1290473840,129047384,0,0,合併,每年,董事會,"元大證券股份有限公司股務代理部","02-2586-5859","台北市承德路三段210號地下一樓","勤業眾信聯合會計師事務所","張耿禧","謝建新","GEM","10F.,NO.35,Qiao'an St.,Zhonghe Dist.,New Taipei City 235, Taiwan (R.O.C.)","02-8245-3100","IR@gemservices.com","www.gemservices.com","王瑞萍","財務部資深經理","02-2248-0680","IR@gemservices.com","www.gemservices.com"
"6526","達發科技股份有限公司","達發","半導體業","－","新竹市科學園區篤行路6-5號5樓","	12883169","謝清江","謝清江","謝孟翰","資深副總經理","廖益源","(03)6128800","2001/08/14","2023/10/19",新台幣                 10.0000元,1660217030,166021703,0,0,合併,每年,董事會,"中國信託商業銀行代理部","(02)66365566","台北市重慶南路1段83號5樓","安永聯合會計師事務所","楊雨霓","郭紹彬","Airoha","5F., No.6-5, Dusing Road, Hsinchu Science ParkHsinchu City 300, Taiwan, R.O.C.","(03)6118833","ir@airoha.com.tw","http://www.airoha.com","廖益源","財務協理","(03)6128800","ir@airoha.com.tw","http://www.airoha.com"
"6531","愛普科技股份有限公司","愛普*","半導體業","－","新竹縣竹北市台元一街一號10樓之一","	53503847","陳文良","洪志勳","林郁昕","財務長","洪志勳","03-560-1558","2011/08/04","2016/05/31",新台幣                  5.0000元,809291230,161858246,0,0,合併,每年,董事會,"凱基證券股份有限公司股務代理部","02-2389-2999","台北市中正區重慶南路一段2號5樓","勤業眾信聯合會計師事務所","簡明彥","莊碧玉","AP Memory","10F-1, No.1, Taiyuan 1st ST.,Zhubei City, Hsinchu County, R.O.C.","03-560-1518","ir@apmemory.com","www.apmemory.com","林郁昕","財務長","03-5601651","ir@apmemory.com","www.apmemory.com"
"6533","晶心科技股份有限公司","晶心科","半導體業","－","新竹科學園區新竹市力行一路1號3樓A1-4","	27638046","林志明","蘇泓萌","張弘毅","總經理室特別助理","陳志賢","03-5726533","2005/03/14","2017/03/14",新台幣                 10.0000元,506509110,50650911,0,0,合併,每年,董事會,"宏遠證券股份有限公司股務代理部","02-2326-8818","台北市信義路四段236號3樓","安永聯合會計師事務所","邱琬茹","許新民","ANDES","A1-4, 3F, NO.1, Li-Hsin First Road, Hsinchu Science ParkHsinchu City 30078, Taiwan","03-5726535","ir@andestech.com","http://www.andestech.com","張弘毅","總經理室特別助理","03-5726533","ir@andestech.com","http://www.andestech.com/tw/investors-stakeholder.php"
"6552","易華電子股份有限公司","易華電","半導體業","－","高雄市楠梓區新開發路8號","	76025826","萬文財","李宛霞","黃梅雪","副總經理","陳嵩州","07-9620668","1973/10/06","2017/01/10",新台幣                 10.0000元,830000000,83000000,0,0,個別,每年,股東會,"永豐金證券股份有限公司","02-23816288","台北市博愛路17號3樓","勤業眾信聯合會計師事務所","劉裕祥","王兆群","JMC","N0. 8, SHINKAIFA ROAD, NANZIH DISTRICT, KAOHSIUNG CITY, TAIWAN (R.O.C.)Kaohsiung. Taiwan, R.O.C.","07-3651181","stock.service@jmct.com.tw","http://www.jmct.com.tw","江韋葦","財會部經理","07-9620668","stock.service@jmct.com.tw","http://www.jmct.com.tw"
"6573","虹揚發展科技股份有限公司","虹揚-KY","半導體業","KY","新北市新店區北新路三段207-5號4樓","	53016234","高桂珍","高桂珍","程御峰","副總經理","林恩霈","8913-1399","2009/12/11","2017/09/26",新台幣                 10.0000元,804993450,80499345,0,0,合併,每年,股東會,"康和綜合證券股份有限公司","8787-1888","台北市信義區基隆路一段176號","安侯建業聯合會計師事務所","許育峰","寇惠植","HY","4F., No.207-5, Sec. 3, Beixin Rd., Xindian Dist.New Taipei City, Taiwan (R.O.C.)","8913-1388","hytech@hygroup.com.tw","https://www.hygroup.com.tw","林恩霈","公關部經理","(02)8913-1399","hytech@hygroup.com.tw","https://www.hygroup.com.tw/tw-ww/csr/editor.aspx?CID=3"
"6695","芯鼎科技股份有限公司","芯鼎","半導體業","－","新竹科學工業園區新竹縣創新一路19-1號","	28112890","羅森洲","許英偉","李長龍","夥伴關係總監","張光佑","03-5641600","2009/12/23","2022/11/04",新台幣                 10.0000元,952092500,95209250,10000000,0,合併,每年,股東會,"福邦證券股份有限公司股務代理部","(02)2371-1658","台北市忠孝西路一段6號6樓","勤業眾信聯合會計師事務所","葉東煇","張雅芸","iCatchtek","19-1, Innovation 1st Road,Hsinchu Science Park, Hsinchu ,Taiwan","03-5670528","ir@icatchtek.com","http://www.icatchtek.com/","李長龍","夥伴關係總監","03-5641600","ir@icatchtek.com","http://www.icatchtek.com/"
"6719","力智電子股份有限公司","力智","半導體業","－","新竹縣竹北市台元一街5號9樓","	27983551","許先越","黃學偉","邱建邦","財務長","戴筱芸","03-5601666","2005/12/23","2022/01/13",新台幣                 10.0000元,810296890,81029689,0,0,合併,每年,股東會,"福邦證券股份有限公司股務代理部","02-23711658","台北市中正區忠孝西路一段6號6樓","資誠聯合會計師事務所","鄭雅慧","白淑蒨","uPI","9F.,No.5,Taiyuan 1st St.,Zhubei City,Hsinchu County,Taiwan,R.O.C","03-5601888","upi_ir@upi-semi.com","www.upi-semi.com","戴筱芸","部經理","03-5601666","upi_ir@upi-semi.com","https://www.upi-semi.com/tw-article-upi-796-2507"
"6756","威鋒電子股份有限公司","威鋒電子","半導體業","－","新北市新店區中正路529-1號7樓","	29125676","陳文琦","林志峰","林志峰","總經理","陳鴻文","8862-22181838","2008/07/07","2020/12/24",新台幣                 10.0000元,690090000,69009000,0,0,合併,每年,董事會,"中國信託商業銀行代理部","8862-66365566","台北市中正區重慶南路一段83號5樓","勤業眾信聯合會計師事務所","王攀發","施錦川","VLI","7F, 529-1, Zhongzheng Rd., Xindian Dist.New Taipei City 231, Taiwan","8862-22182553","investor@via-labs.com","https://www.via-labs.com","陳鴻文","副總經理","8862-22181838","investor@via-labs.com","https://www.via-labs.com/investor_stakeholder.php"
"6770","力晶積成電子製造股份有限公司","力積電","半導體業","－","新竹科學園區新竹市力行一路18號","	28112667","黃崇仁","謝再居","譚仲民","副總經理","邵章榮","03-5795000","2008/04/17","2021/12/06",新台幣                 10.0000元,40692493450,4069249345,0,0,合併,每半會計年度,董事會,"群益金鼎證券(股)公司股務代理部","(02)27023999","106台北市大安區敦化南路二段97號地下二樓","勤業眾信聯合會計師事務所","黃裕峰","蔡美貞","PSMC","No.18, Li-Hsin Rd.1, Hsinchu Science ParkHsinchu, Taiwan, 300-78 R.O.C.","03-6687809","IR@powerchip.com","www.powerchip.com","葉姿吟","專案副理","(03)5795000 ext.2340","IR@powerchip.com","www.powerchip.com"
"6789","采鈺科技股份有限公司","采鈺","半導體業","－","新竹科學園區新竹市篤行一路12號","	80601119","關欣","關欣","蔡銘輝","副總經理","葉莉鈴","03-6668788","2003/12/01","2022/06/30",新台幣                 10.0000元,3164841190,316484119,0,0,個別,每年,股東會,"中國信託商業銀行代理部","02-66365566","台北市中正區重慶南路一段83號5樓","勤業眾信聯合會計師事務所","林尚志","鍾鳴遠","VisEra","No. 12, Duxing 1st Rd., East Dist., Hsinchu Science Park,Hsinchu City 300, Taiwan (R.O.C.)","03-6662858","invest@viseratech.com","http://www.viseratech.com","蔡銘輝","副總經理","03-6668788","invest@viseratech.com","http://www.viseratech.com"
"6799","來頡科技股份有限公司","來頡","半導體業","－","臺北市內湖區瑞光路358巷38弄36號9樓","	53089904","陳燦榮","孟慶達","孟慶達","總經理","李紹宇","02-2656-0961","2010/09/07","2022/05/12",新台幣                 10.0000元,418361330,41836133,0,0,合併,每季,董事會,"元大證券股份有限公司","02-2586-3117","10366台北市大同區承德路三段210號B1","勤業眾信聯合會計師事務所","簡明彥","邱政俊","M3TEK","9F., No. 36, Aly. 38, Ln. 358, Ruiguang Rd., Neihu Dist.,Taipei City, Taiwan (R.O.C.)","02-2656-0963","ir@m3tekic.com","www.m3tekic.com","李紹宇","投資人關係經理","02-2656-0961","ir@m3tekic.com","www.m3tekic.com"
"6854","PlayNitride Inc.","錼創科技-KY創","半導體業","KY","苗栗縣竹南鎮科中路13號8樓","	91663750","李允立","李允立","陳銘章","營運長","陳培欣","(037)586610","2014/02/25","2022/08/18",新台幣                 10.0000元,1071786220,107178622,0,0,合併,每年,股東會,"元大證券股份有限公司股務代理部","(02)2586-5859","103台北市大同區承德路三段210號地下一樓","安侯建業聯合會計師事務所","鄭安志","游萬淵","PlayNitride","8F No.13, Kezhong Rd., Zhunan Township,Miaoli County 350401, Taiwan","(037)584989","spokesperson@playnitride.com","https://www.playnitride.com/","陳忠義","策略長","(037)586610","ir@playnitride.com","https://www.playnitride.com/investrelation/"
"8016","矽創電子股份有限公司","矽創","半導體業","－","新竹縣竹北市台元一街5號11樓之1","	86735240","毛穎文","王崴","周德雲","資深處長","黃英記","03-5526500","1992/07/09","2003/12/25",新台幣                 10.0000元,1201368760,120136876,0,0,合併,每年,董事會,"台新證券股務代理部","02-25048125","台北市建國北路一段96號地下一樓","勤業眾信聯合會計師事務所","林政治","蔡美貞","Sitronix　　","11F-1, No.5, Taiyuan 1st St.,Zhubei City, Hsinchu County 302, Taiwan","03-5526501","ir@sitronix.com.tw","http://www.sitronix.com.tw","黃英記","資深經理","02-26591276#2255","ir@sitronix.com.tw","http://www.sitronix.com.tw"
"8028","昇陽國際半導體股份有限公司","昇陽半導體","半導體業","－","新竹科學園區新竹市力行路6號","	84149884","蔡幸川","蔡幸川","黃豐年","副總經理","張軒瑋","03-5641888","1997/03/03","2018/07/10",新台幣                 10.0000元,1526280330,152628033,0,0,合併,每年,董事會,"福邦證券股份有限公司股務代理部","(02)2371-1658","台北市中正區忠孝西路一段6號6樓","資誠聯合會計師事務所","劉倩瑜","謝智政","PSI　　","No.6, Li-Hsin Road, Science- Park.Hsinchu 300 Taiwan, R.O.C.","03-5670888","fnhuang@psi.com.tw","www.psi.com.tw","張軒瑋","專案課長","03-5641888#5511","ir@psi.com.tw","www.psi.com.tw"
"8081","致新科技股份有限公司","致新","半導體業","－","新竹市科學園區工業東三路2號","	84149723","吳錦川","吳錦川","吳錦川","董事長兼總經理","唐漢光","03-5788833","1996/07/03","2008/12/30",新台幣                 10.0000元,861720720,86172072,0,0,合併,每年,董事會,"台新綜合證券股務代理部","02-25048125","台北市建國北路一段96號B1","資誠聯合會計師事務所","江采燕","謝智政","GMT","No 2,Industry E. RD. III, Hsinchu Science  ParkHsinchu, 300 Taiwan, R.O.C.","03-5784289","ir@gmt.com.tw","http://www.gmt.com.tw","唐漢光","經理","02-82273608#178","ir@gmt.com.tw","http://www.gmt.com.tw/tw/company/contacts.php"
"8110","華東科技股份有限公司","華東","半導體業","－","高雄市前鎮區北一路18號","	22101116","焦佑衡","于鴻祺","黃靖窈","協理","蘇琨發","07-8111330","1995/04/06","2007/10/31",新台幣                 10.0000元,5177398760,517739876,0,0,合併,每年,股東會,"華東科技股份有限公司股務辦事處","02-27905885","台北市內湖區行善路398號8樓","勤業眾信會計師事務所","郭麗園","江佳玲","WALTON　","18, North 1st Rd.,Qianzhen Dist.,Kaohsiung, Taiwan, R.O.C.","07-8111889","waltonir@walton.com.tw","www.walton.com.tw","黃靖窈","協理","07-8111330","waltonir@walton.com.tw","www.walton.com.tw/modules.php?name=Walton&op=interested&file=ms&item=investor"
"8131","福懋科技股份有限公司","福懋科","半導體業","－","雲林縣斗六市榴中里河南街329號","	23826736","李培瑛","張憲正","張憲正","代理總經理","陳文才","05-5574888","1990/09/11","2007/11/29",新台幣                 10.0000元,4422222230,442222223,0,0,個別,每年,董事會,"福懋科技股份有限公司股務科","02-27189898","台北市內湖區南京東路六段380號10樓","安侯建業聯合會計師事務所","寇惠植","郭欣頤","　　FATC","NO.329,Ho-Nan St.　Toulin, Taiwan, R.O.C.","05-5574859","y0222@fatc.com.tw","https://www.fatc.com.tw/","林辛容","經理","05-5574888轉8821","u500683@fatc.com.tw","https://www.fatc.com.tw/esg/about4.php"
"8150","南茂科技股份有限公司","南茂","半導體業","－","新竹科學園區新竹縣研發一路一號","	16130042","鄭世杰","鄭世杰","黃國樑","資深副總經理","蘇郁姣","03-5770055","1997/07/28","2014/04/11",新台幣                 10.0000元,7272401260,727240126,0,0,合併,每年,股東會,"凱基證券股份有限公司股務代理部","02-23892999","(100)臺北市重慶南路一段2號5樓","資誠聯合會計師事務所","徐建業","梁益彰","ChipMOS　　","No.1 R&D Rd.1,Hsinchu Science Park　Hsinchu,Taiwan,R.O.C　","03-5668981","yachin_chiu@chipmos.com","www.chipmos.com","黃國樑","資深副總經理","03-5770055","IR@chipmos.com","https://www.chipmos.com/chinese/csr/overview.aspx"
"8261","富鼎先進電子股份有限公司","富鼎","半導體業","－","新竹縣竹北市台元一街5號12樓之1及12樓之2","	16550923","陳泰銘","張嘉帥","黃林鍾","發言人","譚梅英","26971299","1998/07/17","2009/12/11",新台幣                 10.0000元,1178904930,117890493,35000000,0,合併,每年,股東會,"元大證券股份有限公司","25865859","台北市承德路三段210號地下一樓","勤業眾信聯合會計師事務所","劉建良","林文欽","　　APEC","12F, No.5, Taiyuan 1st St., Zhubei CityHsinchu County, Taiwan, R.O.C.　","26971266","investinfo@a-power.com.tw","www.a-power.com.tw","吳美賢","副理","26971299","investinfo@a-power.com.tw","https://www.a-power.com.tw/tw/corporate/item/csr-stakeholders"
"8271","宇瞻科技股份有限公司","宇瞻","半導體業","－","新北市土城區大安里忠承路32號1樓","	97444368","陳益世","張家騉","賴孜玟","財務長","張家騉","(02)22678000","1997/04/16","2010/12/29",新台幣                 10.0000元,1226882660,122688266,11000000,0,合併,每年,董事會,"凱基證券(股)公司股務代理部","(02)2389-2999","台北市重慶南路1段2號5樓","安侯建業聯合會計師事務所","唐慈杰","施威銘","Apacer","1F,No.32,Zhongcheng Rd.Tucheng Dist.,New Taipei City 236,Taiwan","(02)22673410","public@apacer.com","www.apacer.com","林筱玫","專案經理","(02)22678000","public@apacer.com","https://www.apacer.com/zh/Csr/Interested"